bib_key,zotero_citation_key,zotero_item_key,title,DOI,collections,tags,pdfs,match_method
aldulaimi2024,al-dulaimiAdaptiveFEMBPNNModel2024,U4LFBH3F,Adaptive FEM-BPNN model for predicting underground cable temperature considering varied soil composition,10.1016/j.jestch.2024.101658,Tesis_MIA_2026 | Tesis_MIA_2026 / 02 tema-pinn - PINNs | Tesis_MIA_2026 / 04 tema-fem-numerico | Tesis_MIA_2026 / 08 tema-transferencia-calor,tipo-aplicacion | tema-pinn | metodo-fem | tema-transferencia-calor | tema-fem-numerico | material-suelo-backfill | objeto-cables-subterraneos | metodo-machine-learning | metodo-pinn | metodo-optimizacion | condicion-heterogeneidad-termica,01_001_aldulaimi2024_1_Al-Dulaimi_et_al._-_2024_-_Adaptive_FEM-BPNN_model_for_predicting_underground.pdf,DOI
anders2005,anders2005unfavorable,S2GUR99N,Rating of electric power cables in unfavorable thermal environment,10.1109/9780471718741,Tesis_MIA_2026 | Tesis_MIA_2026 / 03 tema-suelo-backfill-humedad,tipo-estado-del-arte | tipo-aporte | tipo-guia-tecnica | tema-suelo-backfill-humedad | material-suelo-backfill | tesis-mia-clasificado | cables-subterraneos | ampacidad y normas | Cables | coleccion-03_Cables_ampacidad_normas | nosource | cable rating | soil moisture | tipo-estado-del-arte-aplicado | cyclic loads | external heat sources | unfavorable thermal environment,01_002_anders2005_1_Rating_of_electric_power_cables_in_unfavorable_thermal_environment.pdf,DOI
aras2005,aras2005assessment,YNAYLTCG,An assessment of the methods for calculating ampacity of underground power cables,10.1080/15325000590964425,Tesis_MIA_2026 | Tesis_MIA_2026 / 07 tema-normas-estandares,tipo-estado-del-arte | tema-normas-estandares | ampacity | tesis-mia-clasificado | cables-subterraneos | ampacidad y normas | Cables | coleccion-03_Cables_ampacidad_normas | nosource | thesis-core | IEC 60287 | finite element method | thermal model | underground power cables,01_003_aras2005_1_aras2005assessment__Aras_ampacitiy_2005.pdf,DOI
ariasVelasquez2023,ariasvelasquezEnhancingMediumVoltage2023,WXE45F7H,"Enhancing medium voltage underground circuit design: Assessing limitations, thermal influence, and accurate modelling",10.1016/j.rineng.2023.101552,Tesis_MIA_2026 / 05 tema-cables-ampacidad,,"01_004_ariasVelasquez2023_1_Arias_Velasquez_et_al._-_2023_-_Enhancing_medium_voltage_underground_circuit_design_Assessing_limitations,_thermal_influence,_and_a.pdf",DOI
atoccsa2024,Atoccsa2024AmpacityBackfillPSO,74WUBYNQ,Optimization of ampacity in high-voltage underground cables with thermal backfill using dynamic PSO and adaptive strategies,10.3390/en17051023,Tesis_MIA_2026 / 02 tema-pinn - PINNs | Tesis_MIA_2026,tipo-aplicacion | tema-pinn | material-suelo-backfill | objeto-cables-subterraneos | propiedad-ampacidad | metodo-pinn | metodo-optimizacion,01_005_atoccsa2024_1_Atoccsa_et_al._-_2024_-_Optimization_of_ampacity_in_high-voltage_underground_cables_with_thermal_backfill_using_dynamic_PSO.pdf,DOI
carslaw1959conduction,carslaw1959conduction,AV3RPP8X,Conduction of heat in solids,,Tesis_MIA_2026 | Tesis_MIA_2026 / 08 tema-transferencia-calor,tipo-aporte | metodo-fem | tema-transferencia-calor | metodo-benchmark | metodo-pinn | propiedad-conductividad-termica,01_006_carslaw1959conduction_1_carslaw1959conduction__conduction-of-heat-in-solids-carslaw-and-jaeger.pdf,título
cigre2022,cigreTB880_2022,2JQKSC23,Power cable rating examples for calculation tool verification,,Tesis_MIA_2026 | Tesis_MIA_2026 / 07 tema-normas-estandares,tipo-aporte | tema-normas-estandares | tipo-guia-tecnica | tesis-mia-clasificado | cables-subterraneos | ampacidad y normas | Cables | coleccion-03_Cables_ampacidad_normas | nosource | IEC 60287 | benchmark | cable rating | tipo-guia-tecnica-verificacion | verification | CIGRE TB 880,01_007_cigre2022_1_CIGRE_Working_Group_B1.56_-_2022_-_Power_cable_rating_examples_for_calculation_tool_verification.pdf,título
cigre2025,cigreTB963_2025,SAHWSNQS,Finite element analysis for cable rating calculations,N/A,Tesis_MIA_2026 | Tesis_MIA_2026 / 04 tema-fem-numerico,tipo-aporte | metodo-fem | tipo-guia-tecnica | tema-fem-numerico | propiedad-ampacidad | metodo-cigre | metodo-fdm-fvm | tesis-mia-clasificado | nosource | coleccion-02_Metodos_numericos_FEM_FDM_FVM | Métodos numéricos FEM/FDM/FVM | FEM | cable rating | current rating | CIGRE TB 963 | thermal bottlenecks | tipo-guia-tecnica-fem,01_008_cigre2025_1_CIGRE_Working_Group_B1.87_-_2025_-_Finite_element_analysis_for_cable_rating_calculations.pdf,título
coes2023diagnostico2025_2034,coesInformeDiagnosticoCondiciones2023,TNI2R5MI,"Informe de diagnóstico de las condiciones operativas del SEIN, periodo 2025-2034",,,#nosource,,título
coesMaximaDemanda,comitedeoperacioneconomicadelsistemainterconectadonacionalReporteMaximaDemanda2026,DPZS2MZN,Reporte de Máxima Demanda,,,#nosource | SEIN | contexto-operativo-regulatorio | capacidad de transmisión | máxima demanda,,título
delport2024,delportMethodologicalGuidelinesDesign2024,ZBHU8CG2,Methodological guidelines for design science research,10.1016/j.procs.2024.05.096,Tesis_MIA_2026 / 09 tema-metodologia-dsr,design science research | DSR | metodología de investigación | thesis-core,01_009_delport2024_1_Delport_et_al._-_2024_-_Methodological_Guidelines_for_Design_Science_Research.pdf,DOI
devries1966thermal,farouki1981thermal,HIIPU4GX,Thermal properties of soils,N/A,Tesis_MIA_2026 | Tesis_MIA_2026 / 03 tema-suelo-backfill-humedad,tipo-aporte | tema-suelo-backfill-humedad | material-suelo-backfill | tesis-mia-clasificado | underground cables | cables-subterraneos | nosource | conduccion-de-calor | tipo-fuente-clasica | backfill | bedding y humedad | coleccion-04_Suelos_backfill_humedad | Suelos | moisture | soil thermal properties | thermal conductivity | thermal diffusivity | tipo-aporte-teorico-suelos,01_010_devries1966thermal_1_Farouki_-_1981_-_Thermal_properties_of_soils.pdf,título
enescu2020,Enescu2020ThermalAssessmentReview,TSJ92ZL4,Thermal assessment of power cables and impacts on cable current rating: An overview,10.3390/en13205319,Tesis_MIA_2026 / 02 tema-pinn - PINNs | Tesis_MIA_2026 | Tesis_MIA_2026 / 08 tema-transferencia-calor | Tesis_MIA_2026 / 05 tema-cables-ampacidad,tipo-estado-del-arte | tema-pinn | tema-transferencia-calor | tema-cables-ampacidad | propiedad-ampacidad | metodo-pinn | ampacity | tesis-mia-clasificado | cables-subterraneos | cable current rating | overview | power cables | thermal assessment,01_011_enescu2020_1_Enescu_et_al._-_2020_-_Thermal_assessment_of_power_cables_and_impacts_on_cable_current_rating_An_overview.pdf,DOI
enescu2021,enescu2021concepts,E87RDM35,Concepts and methods to assess the dynamic thermal rating of underground power cables,10.3390/en14092591,Tesis_MIA_2026 | Tesis_MIA_2026 / 02 tema-pinn - PINNs | Tesis_MIA_2026 / 06 tema-dtr-cargas-ciclicas | Tesis_MIA_2026 / 08 tema-transferencia-calor | Tesis_MIA_2026 / 05 tema-cables-ampacidad,tipo-estado-del-arte | tema-pinn | metodo-fem | tema-transferencia-calor | tema-cables-ampacidad | tema-dtr-cargas-ciclicas | material-suelo-backfill | metodo-iec-60287 | objeto-cables-subterraneos | propiedad-ampacidad | metodo-pinn | metodo-dtr,01_012_enescu2021_1_Enescu_et_al._-_2021_-_Concepts_and_methods_to_assess_the_dynamic_thermal.pdf,DOI
fariz2026,farizSystematicMappingDynamic2026,J429MLQ5,A Systematic Mapping of Dynamic Thermal Rating for Underground Cables,10.1109/ACCESS.2025.3650354,Tesis_MIA_2026 | Tesis_MIA_2026 / 06 tema-dtr-cargas-ciclicas,tipo-estado-del-arte | tema-dtr-cargas-ciclicas | objeto-cables-subterraneos | propiedad-ampacidad | metodo-machine-learning | revision-sistematica | metodo-dtr | metodo-optimizacion,01_013_fariz2026_1_Fariz_et_al._-_2026_-_A_Systematic_Mapping_of_Dynamic_Thermal_Rating_for_Underground_Cables.pdf,DOI
farouki1981thermal,farouki1981thermal,HIIPU4GX,Thermal properties of soils,N/A,Tesis_MIA_2026 | Tesis_MIA_2026 / 03 tema-suelo-backfill-humedad,tipo-aporte | tema-suelo-backfill-humedad | material-suelo-backfill | tesis-mia-clasificado | underground cables | cables-subterraneos | nosource | conduccion-de-calor | tipo-fuente-clasica | backfill | bedding y humedad | coleccion-04_Suelos_backfill_humedad | Suelos | moisture | soil thermal properties | thermal conductivity | thermal diffusivity | tipo-aporte-teorico-suelos,01_014_farouki1981thermal_1_Farouki_-_1981_-_Thermal_properties_of_soils.pdf,título
gregor2013,gregorPositioningPresentingDesign2013,E26NE44W,Positioning and presenting design science research for maximum impact,10.25300/MISQ/2013/37.2.01,Tesis_MIA_2026 / 09 tema-metodologia-dsr,design science research | DSR | metodología de investigación | thesis-core,01_015_gregor2013_1_GregorHevnerMISQ2013.pdf,DOI
hahn2012heatConduction,hahn2012heatConduction,X8AJJ9NF,Heat conduction,10.1002/9781118411285,Tesis_MIA_2026 | Tesis_MIA_2026 / 08 tema-transferencia-calor,tipo-aporte | tema-transferencia-calor | propiedad-conductividad-termica | metodo-analitico | tesis-mia-clasificado | nosource | tipo-aporte-teorico | conduccion-de-calor | coleccion-01_Fundamentos_transferencia_calor | Fundamentos transferencia de calor | heat conduction | tipo-aporte-teorico-fundamental | Green functions | anisotropic solids | composite media | Laplace transform,01_016_hahn2012heatConduction_1_hahn2012heatConduction__Heat_Conduction__Third_Edition.pdf,DOI
iea2025transmissiongrid,internationalenergyagencyBuildingFutureTransmission2025,A73UGXIL,Building the future transmission grid,,Tesis_MIA_2026 / 05 tema-cables-ampacidad,tema-cables-ampacidad | objeto-cables-subterraneos | propiedad-ampacidad | tesis-mia-clasificado | grid expansion | network bottlenecks | supply chains | transmission grid | contexto-operativo-regulatorio,01_017_iea2025transmissiongrid_1_International_Energy_Agency_-_2025_-_Building_the_future_transmission_grid.pdf,título
iec60287,iec60287_1_1_2023,5RR6GQT5,IEC 60287-1-1:2023 – electric cables – calculation of the current rating – part 1-1: Current rating equations (100,,Tesis_MIA_2026 | Tesis_MIA_2026 / 07 tema-normas-estandares,tema-normas-estandares | tipo-normativa | ampacity | tesis-mia-clasificado | tipo-otros | ampacidad y normas | Cables | coleccion-03_Cables_ampacidad_normas | nosource | IEC 60287 | losses | steady state | thermal resistance | tipo-normativa-fundamental,01_018_iec60287_1_International_Electrotechnical_Commission_-_2023_-_IEC_60287-1-12023_–_electric_cables_–_calculation_of_the_current_rating_–_part_1-1_Current_rating.pdf,alias bibliográfico verificado
iec60502_2_2014,iec60502_2_2014,CU3M9JYV,IEC 60502-2:2014 – power cables with extruded insulation and their accessories for rated voltages from 1 kV up to 30 kV – part 2: Cables for rated voltages from 6 kV up to 30 kV,,Tesis_MIA_2026 | Tesis_MIA_2026 / 07 tema-normas-estandares,tema-normas-estandares | tipo-normativa | tesis-mia-clasificado | tipo-otros | cables-subterraneos | ampacidad y normas | cable construction | Cables | coleccion-03_Cables_ampacidad_normas | nosource | IEC 60502-2 | medium voltage | standard | tipo-normativa-constructiva | XLPE cables,01_019_iec60502_2_2014_1_iec60502_2_2014__IEC_60502-2-2014.pdf,título
iec60853,iec60853_3_2002,27BNAC3F,IEC 60853-3:2002 – calculation of the cyclic and emergency current rating of cables – part 3: Cyclic rating factor for cables of all voltages with partial drying of the soil,,Tesis_MIA_2026 | Tesis_MIA_2026 / 07 tema-normas-estandares,tema-normas-estandares | tipo-normativa | ampacity | cargas cíclicas y operación | cyclic rating | Dynamic thermal rating | IEC 60853 | moisture migration | soil drying | tesis-mia-clasificado | tipo-normativa-dinamica-suelo | tipo-otros | nosource | coleccion-05_DTR_cargas_ciclicas_operacion,01_020_iec60853_1_International_Electrotechnical_Commission_-_2002_-_IEC_60853-32002_–_calculation_of_the_cyclic_and_emergency_current_rating_of_cables_–_part_3_Cyclic.pdf,título
ieee442,ieee442_2017,PQRM89CA,IEEE std 442-2017 – IEEE guide for thermal resistivity measurements of soils and backfill materials,10.1109/IEEESTD.2018.8353815,Tesis_MIA_2026 | Tesis_MIA_2026 / 07 tema-normas-estandares,tema-normas-estandares | tipo-normativa | tesis-mia-clasificado | tipo-otros | underground cables | cables-subterraneos | nosource | backfill | bedding y humedad | coleccion-04_Suelos_backfill_humedad | Suelos | soil thermal resistivity | tipo-normativa-medicion | IEEE 442 | thermal probe,01_021_ieee442_1_Institute_of_Electrical_and_Electronics_Engineers_-_2017_-_IEEE_std_442-2017_–_IEEE_guide_for_thermal_resistivity_measurements_of_soils_and_backfill_materials.pdf,DOI
kakac2018heatConduction,kakac2018heatConduction,FXVW3N7J,Heat conduction,10.1201/b22157,Tesis_MIA_2026 | Tesis_MIA_2026 / 08 tema-transferencia-calor,tipo-aporte | tema-transferencia-calor | propiedad-conductividad-termica | tesis-mia-clasificado | nosource | tipo-aporte-teorico | conduccion-de-calor | analytical methods | coleccion-01_Fundamentos_transferencia_calor | composite walls | Fourier law | Fundamentos transferencia de calor | heat conduction | tipo-aporte-teorico-fundamental | transient conduction,01_022_kakac2018heatConduction_1_kakac2018heatConduction__Heat_Conduction__Fifth_Edition.pdf,DOI
khumalo2025,khumaloCriticalAssessmentCable2025,FELCKTPA,A Critical Assessment of Cable Rating Methods Under Soil Drying Out Conditions,10.1155/etep/5946564,Tesis_MIA_2026 | Tesis_MIA_2026 / 03 tema-suelo-backfill-humedad | Tesis_MIA_2026 / 05 tema-cables-ampacidad,tipo-aplicacion | tema-suelo-backfill-humedad | tipo-normativa | tema-cables-ampacidad | material-suelo-backfill | metodo-benchmark | metodo-iec-60287 | objeto-cables-subterraneos | propiedad-ampacidad | propiedad-resistividad-termica | tesis-mia-clasificado | cables-subterraneos | backfill | bedding y humedad | coleccion-04_Suelos_backfill_humedad | Suelos | cable ampacity rating | electrical cable | power cable | soil drying out | soil thermal resistivity | South African conditions,01_023_khumalo2025_1_khumaloCriticalAssessmentCable2025__Khumalo_Critical_2025.pdf,DOI
kim2025,kimEffectAmbientAir2025,KIBVIE6M,Effect of ambient air and ground temperatures on heat transfer in underground power cable system buried in newly developed cable bedding material,10.1016/j.geothermics.2024.103151,Tesis_MIA_2026 | Tesis_MIA_2026 / 03 tema-suelo-backfill-humedad | Tesis_MIA_2026 / 08 tema-transferencia-calor | Tesis_MIA_2026 / 05 tema-cables-ampacidad,tipo-aplicacion | tema-suelo-backfill-humedad | tema-transferencia-calor | tema-cables-ampacidad | material-suelo-backfill | objeto-cables-subterraneos | propiedad-ampacidad | propiedad-conductividad-termica | metodo-analitico | tesis-mia-clasificado | cables-subterraneos | nosource | backfill | bedding y humedad | coleccion-04_Suelos_backfill_humedad | Suelos | thesis-core | underground power cable | Ambient air and ground temperatures | ambient temperature | bedding material | Cable bedding material | critical ampacity | Critical ampacity | Current carrying capacity | ground temperature | PAC | Prepacked aggregate concrete | tipo-aplicacion-experimental-numerica | Underground power cable system,01_024_kim2025_1_kimEffectAmbientAir2025__Kim_2024.pdf,DOI
lawal2022,Lawal2022PINNEvolutionSystematicReview,HBLBZNTB,Physics-informed neural network (PINN) evolution and beyond: a systematic literature review and bibliometric analysis,10.3390/bdcc6040140,Tesis_MIA_2026 / 02 tema-pinn - PINNs | Tesis_MIA_2026,tipo-estado-del-arte | tema-pinn | metodo-machine-learning | metodo-pinn | revision-sistematica,01_025_lawal2022_1_Lawal_et_al._-_2022_-_Physics-informed_neural_network_(PINN)_evolution_and_beyond_a_systematic_literature_review_and_bibl.pdf,DOI
minem2025anuario2024,ministeriodeenergiayminasAnuarioEstadisticoElectricidad2025,MTZ8ICF7,Anuario Estadístico de Electricidad 2024,,,#nosource | SEIN | contexto-operativo-regulatorio | energías renovables | generación eléctrica,,título
minem2025indicadoresDiciembre,ministeriodeenergiayminasPrincipalesIndicadoresSector2026,IJ6A5KGV,Principales indicadores del sector eléctrico a nivel nacional: enero 2026 (cifras preliminares al mes de diciembre 2025),,Tesis_MIA_2026 / 01_Problematica,problemática | sector eléctrico peruano | SEIN | thesis-core,01_026_minem2025indicadoresDiciembre_1_minem_2025_dic.pdf,título
mobius2025,mobiusEnergyCableAmpacity2025,CKAQRB4F,Energy cable ampacity: Impact of seasonal and climate-related changes,10.1016/j.rser.2025.115348,Tesis_MIA_2026 | Tesis_MIA_2026 / 07 tema-normas-estandares,tipo-aplicacion | tema-normas-estandares | material-suelo-backfill | metodo-iec-60287 | propiedad-ampacidad | metodo-dtr | cargas cíclicas y operación | Dynamic thermal rating | tesis-mia-clasificado | nosource | Ampacity | Climate change | coleccion-05_DTR_cargas_ciclicas_operacion | Electric energy cables | Energy grid | Energy transfer capacity | Grid expansion | IEC 60287 | Metropolitan region of Hamburg | Temperature monitoring,01_027_mobius2025_1_Mobius_et_al._-_2025_-_Energy_cable_ampacity_Impact_of_seasonal_and_climate-related_changes.pdf,DOI
neher1957,neher1957calculation,RG5NP7BZ,The calculation of the temperature rise and load capability of cable systems,10.1109/AIEEPAS.1957.4499653,Tesis_MIA_2026 | Tesis_MIA_2026 / 05 tema-cables-ampacidad,tipo-aporte | tema-cables-ampacidad | ampacity | tesis-mia-clasificado | underground cables | cables-subterraneos | ampacidad y normas | Cables | coleccion-03_Cables_ampacidad_normas | nosource | tipo-fuente-clasica | thermal resistance | cable systems | historical | load capability | Neher-McGrath | temperature rise | tipo-fuente-clasica-historica,01_028_neher1957_1_Neher_y_McGrath_-_1957_-_The_calculation_of_the_temperature_rise_and_load_capability_of_cable_systems.pdf,DOI
oclon2015,oclon2015optimizing,FBJSGXVU,Optimizing of the underground power cable bedding using momentum-type particle swarm optimization method,10.1016/j.energy.2015.04.100,Tesis_MIA_2026 | Tesis_MIA_2026 / 04 tema-fem-numerico,tipo-aporte | metodo-fem | tema-fem-numerico | material-suelo-backfill | objeto-cables-subterraneos | metodo-optimizacion | tesis-mia-clasificado | cables-subterraneos | nosource | tipo-aporte-teorico | backfill | bedding optimization | bedding y humedad | coleccion-04_Suelos_backfill_humedad | FEM | FTB | particle swarm optimization | PSO | Suelos | thermal backfill | thesis-core | tipo-aporte-metodologico-aplicado | underground cable | underground power cable,01_029_oclon2015_1_oclon2015optimizing__Oclon_cable_bedding_2005.pdf,DOI
olade2025generacionALC2024,organizacionlatinoamericanadeenergiaGeneracionElectricaAmerica2025,NYMQ99AP,"Generación Eléctrica en América Latina y el Caribe aumentó 5,5 % el año 2024",,,#nosource | energy transition | grid expansion | contexto-operativo-regulatorio | América Latina,,título
pan2025,Pan2025TemperatureFieldReconstructionPINN,66TTR9T2,Research on the reconstruction of the temperature field in two-dimensional steady-state thermal conductivity based on physics-informed neural networks,10.3390/eng6050099,Tesis_MIA_2026 / 02 tema-pinn - PINNs | Tesis_MIA_2026,tema-pinn | tipo-aporte | metodo-machine-learning | metodo-pinn | propiedad-conductividad-termica | fenomeno-temperatura-conductor,01_030_pan2025_1_Pan_et_al._-_2025_-_Research_on_the_reconstruction_of_the_temperature_field_in_two-dimensional_steady-state_thermal_cond.pdf,DOI
patankar1980numerical,patankar1980numerical,G46R4TTS,Numerical heat transfer and fluid flow,,Tesis_MIA_2026 | Tesis_MIA_2026 / 04 tema-fem-numerico,tipo-aporte | metodo-fem | tema-fem-numerico | tesis-mia-clasificado | nosource | coleccion-02_Metodos_numericos_FEM_FDM_FVM | Métodos numéricos FEM/FDM/FVM | CFD | control volume | discretization | finite volume method | numerical heat transfer | tipo-aporte-metodologico-clasico | tipo-fuente-clasica,01_031_patankar1980numerical_1_patankar1980numerical__Numerical_Heat_Transfer_and_Fluid_Flow.pdf,título
peffers2007,peffersDesignScienceResearch2007,MD3ZPKKN,A design science research methodology for information systems research,10.2753/MIS0742-1222240302,Tesis_MIA_2026 / 09 tema-metodologia-dsr,design science research | DSR | metodología de investigación | thesis-core,01_032_peffers2007_1_Peffers_et_al._-_2007_-_A_design_science_research_methodology_for_information_systems_research.pdf,DOI
raissi2019,Raissi2019PINNs,X83KJKA9,Physics-informed neural networks: A deep learning framework for solving forward and inverse problems involving nonlinear partial differential equations,10.1016/j.jcp.2018.10.045,Tesis_MIA_2026 / 02 tema-pinn - PINNs | Tesis_MIA_2026,tema-pinn | tipo-aporte | metodo-machine-learning | metodo-pinn,01_033_raissi2019_1_Raissi_et_al._-_2019_-_Physics-informed_neural_networks_A_deep_learning_framework_for_solving_forward_and_inverse_problems.pdf,DOI
ren2025,Ren2025PINNsReview,A5WHNYIJ,"Physics-informed neural networks: a review of methodological evolution, theoretical foundations, and interdisciplinary frontiers toward next-generation scientific computing",10.3390/app15148092,Tesis_MIA_2026 / 02 tema-pinn - PINNs | Tesis_MIA_2026,tipo-estado-del-arte | tema-pinn | metodo-machine-learning | metodo-pinn,"01_034_ren2025_1_Ren_et_al._-_2025_-_Physics-informed_neural_networks_a_review_of_methodological_evolution,_theoretical_foundations,_and.pdf",DOI
shukla2021,Shukla2021ParallelPINN,WAE2EBHY,Parallel physics-informed neural networks via domain decomposition,10.1016/j.jcp.2021.110683,Tesis_MIA_2026 / 02 tema-pinn - PINNs | Tesis_MIA_2026,tema-pinn | tipo-aporte | metodo-machine-learning | metodo-pinn,01_035_shukla2021_1_Shukla_et_al._-_2021_-_Parallel_physics-informed_neural_networks_via_domain_decomposition.pdf,DOI
thue1999electrical,thue1999electrical,7SDFIVN9,Electrical power cable engineering,N/A,Tesis_MIA_2026 | Tesis_MIA_2026 / 05 tema-cables-ampacidad,tipo-aporte | tema-cables-ampacidad | tesis-mia-clasificado | cables-subterraneos | ampacidad y normas | cable construction | Cables | coleccion-03_Cables_ampacidad_normas | installation | insulation | nosource | power cable engineering | reference | testing | tipo-aporte-teorico | tipo-aporte-teorico-practico,01_036_thue1999electrical_1_thue1999electrical__Electrical_Power_Cable_Engineering.pdf,título
xing2023,Xing2023PINNAnisotropicHeat,UX2LH2QU,Deep learning method based on physics-informed neural network for 3D anisotropic steady-state heat conduction problems,10.3390/math11194049,Tesis_MIA_2026 / 02 tema-pinn - PINNs | Tesis_MIA_2026,tema-pinn | tipo-aporte | metodo-machine-learning | metodo-pinn | propiedad-conductividad-termica,01_037_xing2023_1_Xing_et_al._-_2023_-_Deep_learning_method_based_on_physics-informed_neural_network_for_3D_anisotropic_steady-state_heat_c.pdf,DOI
quan2019,quan2019numerical,HGX5SC4R,Numerical study of heat transfer in underground power cable system,10.1016/j.egypro.2019.01.636,Tesis_MIA_2026 | Tesis_MIA_2026 / 05 tema-cables-ampacidad | Tesis_MIA_2026 / 08 tema-transferencia-calor | Tesis_MIA_2026 / 04 tema-fem-numerico,tipo-aplicacion | metodo-fem | tema-transferencia-calor | tema-cables-ampacidad | tema-fem-numerico | material-suelo-backfill | objeto-cables-subterraneos,01_038_quan2019_1_quan2019numerical__Numerical_study_of_heat_transfer_in_underground_po.pdf,citationKey de Zotero
oladunjoye2012,oladunjoyeSituDeterminationThermal2012,77YZMN9H,"In Situ Determination of Thermal Resistivity of Soil: Case Study of Olorunsogo Power Plant, Southwestern Nigeria",10.5402/2012/591450,Tesis_MIA_2026 | Tesis_MIA_2026 / 03 tema-suelo-backfill-humedad,tipo-aplicacion | tema-suelo-backfill-humedad | material-suelo-backfill | propiedad-resistividad-termica | metodo-medicion | tesis-mia-clasificado,01_039_oladunjoye2012_1_Soil_Thermal_Resistivity.pdf,citationKey de Zotero
cigre2023overheadLines,,,Safety and reliability of overhead lines,,NO LOCALIZADA EN ZOTERO,,,sin registro Zotero ni PDF local
coes2021puntaLomitasEO,,,"Estudio de operatividad, etapa I: Central E\'olica Punta Lomitas 260 MW. Resumen ejecutivo",,NO LOCALIZADA EN ZOTERO,,,sin registro Zotero ni PDF local
coes2022planTransmision2023_2032,,,"Propuesta definitiva de actualizaci\'on del Plan de Transmisi\'on 2023--2032, Volumen I",,NO LOCALIZADA EN ZOTERO,,,sin registro Zotero ni PDF local
coesEstadisticasAnuales,,,Estadísticas anuales del {SEIN},,NO LOCALIZADA EN ZOTERO,,,sin registro Zotero ni PDF local
minem2024nuevasRER,,,{MINEM}: cuatro centrales el\'ectricas {RER} a\~nadir\'an 507 megavatios de potencia al {SEIN} este 2024,,NO LOCALIZADA EN ZOTERO,,,sin registro Zotero ni PDF local
minem2025nuevasCentrales,,,{MINEM} afianza el fortalecimiento de la generaci\'on el\'ectrica con nuevas centrales por m\'as de 717 {MW} durante 2025,,NO LOCALIZADA EN ZOTERO,,,sin registro Zotero ni PDF local
osinergmin2024puntaLomitas,,,Reporte gerencial para el Consejo Directivo: operaci\'on comercial de la Central E\'olica Punta Lomitas y su expansi\'on,,NO LOCALIZADA EN ZOTERO,,,sin registro Zotero ni PDF local
proinversion2026palian,,,Versi\'on final del contrato del proyecto Nueva {SE Pali\'an} 220/60 kV y enlaces en 220 kV y 60 kV asociadas ({Proyecto ITC}),,NO LOCALIZADA EN ZOTERO,,,sin registro Zotero ni PDF local
